#,Company,Contact,Status,Email Ready,Sent Date,Response
1,Give Realty,"crypto payments, NFT loyalty programs, and smart-contract automation.",Draft Ready,Yes,,
2,Spyglass Realty,"your brand feels forward-thinking and design-driven. One idea worth exploring: paying agent commissions in crypto for instant settlement, and using NFT-gated access to give your VIP buyers first look at hot listings before they hit the MLS. It's an exclusivity play that your clientele would eat up.",Draft Ready,Yes,,
3,Devora Realty,"crypto transactions, smart contracts, and tokenized assets.",Draft Ready,Yes,,
4,Cultivate Realty,"crypto payments, NFT programs, and smart-contract automation.",Draft Ready,Yes,,
5,The Boutique Real Estate,"crypto payments, NFT loyalty, and smart-contract automation.",Draft Ready,Yes,,
6,Austin Art Garage,"NFT minting, crypto payments, and smart-contract royalties.",Draft Ready,Yes,,
7,Unchained.Art Contemporary Gallery,"a contemporary gallery named ""Unchained"" is practically begging for a blockchain play. A curated NFT marketplace under the Unchained brand, plus accepting crypto for physical works, would position you as *the* forward-thinking gallery in Austin's contemporary scene. The name does half the marketing for you.",Draft Ready,Yes,,
8,ArtUs Co,"digital collectibles that unlock real perks — and open a crypto donation channel to reach younger, tech-savvy supporters who want to back the arts but don't carry checkbooks.",Draft Ready,Yes,,
9,Bolm Arts,"community DAOs, NFT fundraising, and crypto donations.",Draft Ready,Yes,,
10,End of an Ear,"crypto payments, NFT-driven loyalty, and global collector communities.",Draft Ready,Yes,,
11,Evergreen Artist Group,"smart contracts, tokenized fan experiences, and NFT-based loyalty.",Draft Ready,Yes,,
12,BBA Booking,"smart contracts, automated commission splits, and token-gated ticketing.",Draft Ready,Yes,,
13,Spano Records,"instant royalty payouts, NFT music releases, and smart-contract licensing.",Draft Ready,Yes,,
14,Coleman Business Law,and we frequently need sharp legal partners who understand the space.,Draft Ready,Yes,,
15,Hendershot Cowart P.C.,"we handle the tech architecture, you handle the legal framework, and clients get a complete solution.",Draft Ready,Yes,,
16,Venturi Private Wealth,"but most wealth managers treat digital assets as an afterthought. An on-chain portfolio dashboard that gives clients a unified view of their stocks, bonds, and crypto in one place would position Venturi as the firm that actually gets the modern investor.",Draft Ready,Yes,,
17,BookPeople,"crypto payments, tokenized loyalty, and NFT-based collectibles.",Draft Ready,Yes,,
18,Armadillo Roasters,"crypto-friendly commerce, NFT memberships, and tokenized loyalty.",Draft Ready,Yes,,
19,Last Stand Brewing Company,"tokenized loyalty, NFT memberships, and crypto payments.",Draft Ready,Yes,,
20,Vintage Bookstore & Wine Bar,"membership DAOs, crypto payments, and NFT collectibles.",Draft Ready,Yes,,
21,AdZENtures Yoga,"tokenized passes, crypto payments, and NFT-gated experiences.",Draft Ready,Yes,,
22,Dwell Coworking,"NFT-based memberships, token-gated access, and crypto payments.",Draft Ready,Yes,,
23,South Congress Books,"NFT certificates of authenticity, crypto payments, and global community building.",Draft Ready,Yes,,
24,Habitat Hunters Inc.,"crypto payments, on-chain property records, and smart-contract workflows.",Draft Ready,Yes,,
25,Capital Factory,"tokenized membership, smart-contract governance, and crypto-native commerce.",Draft Ready,Yes,,
